rus_name,latitude,longitude
Адыгейск,44.8783715,39.190172
Москва,55.7538789,37.6203735
Майкоп,44.6098268,40.1006527
Горно-Алтайск,51.9582681,85.9602957
Алейск,52.4920914,82.7794145
Барнаул,53.3481145,83.7798362
Белокуриха,51.9960534,84.9840343
Бийск,52.5393683,85.2138852
Горняк,50.9979032,81.4643059
Заринск,53.7063495,84.9314703
Змеиногорск,51.1580235,82.1872476
Камень-на-Оби,53.7915454,81.3545173
Новоалтайск,53.4120811,83.9311249
Рубцовск,51.5013075,81.2077729
Славгород,52.9993053,78.6459674
Яровое,52.9251728,78.5729898
Белогорск,50.9212235,128.4738742
Благовещенск,50.2905935,127.5272186
Завитинск,50.1064678,129.4392897
Зея,53.7339151,127.2658079
Райчихинск,49.7941882,129.4112149
Свободный,51.361264,128.1218995
Сковородино,53.9871004,123.943729
Тында,55.1546401,124.7468634
Циолковский,51.7624346,128.121972
Шимановск,52.0052856,127.7006559
Архангельск,64.5392985,40.5170083
Вельск,61.0660057,42.1032858
Каргополь,61.5008762,38.9636415
Коряжма,61.2885993,47.1002315
Котлас,61.2529842,46.6331915
Мезень,65.8398386,44.2531865
Мирный,62.7644267,40.3359976
Новодвинск,64.4136023,40.8208003
Няндома,61.6653735,40.2061699
Онега,63.9163966,38.0805749
Северодвинск,64.56253,39.8182715
Сольвычегодск,61.3318091,46.920351
Шенкурск,62.1057423,42.89959
Астрахань,46.3655808,48.0559979
Ахтубинск,48.2753078,46.1906741
Знаменск,48.5865618,45.7367908
Камызяк,46.1105429,48.0732724
Нариманов,46.6916597,47.8501624
Харабали,47.4089187,47.2524467
Агидель,55.89976,53.9221149
Баймак,52.5912632,58.3111995
Белебей,54.1033832,54.1111878
Белорецк,53.9675927,58.4099562
Бирск,55.4157107,55.5582335
Благовещенск,55.0499592,55.955309
Давлеканово,54.2227617,55.0313419
Дюртюли,55.4848047,54.8524875
Ишимбай,53.4546314,56.043874
Кумертау,52.7565537,55.7969915
Межгорье,54.239683,57.96146
Мелеуз,52.9590637,55.9283483
Нефтекамск,56.0883075,54.2483391
Октябрьский,54.4815344,53.4656611
Салават,53.3616311,55.9245559
Сибай,52.7205811,58.6663303
Стерлитамак,53.6302498,55.9315707
Туймазы,54.5999889,53.6949081
Уфа,54.734853,55.9578647
Учалы,54.3066965,59.4126559
Янаул,56.2650336,54.9298314
Алексеевка,50.6299932,38.6881776
Белгород,50.5977351,36.5858236
Бирюч,50.6483899,38.4006203
Валуйки,50.2112799,38.0998765
Грайворон,50.4862699,35.6662957
Губкин,51.2836362,37.5347608
Короча,50.8130123,37.1896543
Новый Оскол,50.7635162,37.8774026
Старый Оскол,51.2965991,37.8349849
Строитель,50.7845571,36.4886619
Шебекино,50.4005506,36.8877988
Брянск,53.2420071,34.3652716
Дятьково,53.5958283,34.355092
Жуковка,53.5341219,33.7302166
Злынка,52.4265906,31.7360386
Карачев,53.1297194,34.9887859
Клинцы,52.7529052,32.2339161
Мглин,53.0600644,32.8467217
Новозыбков,52.5371426,31.9356826
Почеп,52.9154724,33.4744608
Севск,52.1484215,34.4918198
Сельцо,53.3738801,34.1059226
Стародуб,52.5851881,32.7603628
Сураж,53.0171239,32.3938351
Трубчевск,52.5791314,33.7660013
Унеча,52.8460665,32.6757071
Фокино,53.4554552,34.4158537
Бабушкин,51.7113066,105.8673633
Гусиноозерск,51.2865751,106.5230732
Закаменск,50.3726774,103.2867452
Кяхта,50.3466291,106.4534938
Северобайкальск,55.6357165,109.3362606
Улан-Удэ,51.8334378,107.5841511
Александров,56.3919652,38.711035
Владимир,56.1281561,40.4082995
Вязники,56.2976528,42.2687311
Гороховец,56.2021059,42.692517
Гусь-Хрустальный,55.6198065,40.6578769
Камешково,56.3488712,40.9955682
Карабаново,56.3133447,38.7034267
Киржач,56.1485263,38.8635035
Ковров,56.3553895,41.3169568
Кольчугино,56.3327616,39.391201
Костерево,55.9336424,39.624822
Курлово,55.4525994,40.6124362
Лакинск,56.0180614,39.9564706
Меленки,55.3387017,41.634124
Муром,55.5632276,42.023006
Петушки,55.9297657,39.4507913
Покров,55.9167118,39.1733641
Радужный,55.9961034,40.3323247
Собинка,55.993798,40.0180034
Струнино,56.3750001,38.583938
Судогда,55.949897,40.8563392
Суздаль,56.4273814,40.4525581
Юрьев-Польский,56.4938067,39.6679311
Волгоград,48.7072005,44.5170207
Волжский,48.7978483,44.7462417
Дубовка,49.0555342,44.8270813
Жирновск,50.9767561,44.7857694
Калач-на-Дону,48.6887569,43.5306866
Камышин,50.0651261,45.3843816
Котельниково,47.6310808,43.1331198
Котово,50.3205433,44.8031864
Краснослободск,48.7068777,44.5631799
Ленинск,48.6936234,45.1992835
Михайловка,50.0708749,43.2400847
Николаевск,50.0166952,45.4733204
Новоаннинский,50.5296873,42.6666038
Палласовка,50.0501422,46.8803355
Петров Вал,50.1380355,45.2091455
Серафимович,49.566286,42.7360013
Суровикино,48.6189756,42.8541308
Урюпинск,50.7904767,42.0288589
Фролово,49.7647809,43.6648936
Бабаево,59.389309,35.9378318
Белозерск,60.0307914,37.7891123
Великий Устюг,60.7603243,46.3053893
Вологда,59.2484186,39.8356461
Вытегра,61.0064157,36.4495835
Грязовец,58.8757657,40.248477
Кадников,59.5037947,40.3440473
Кириллов,59.8590353,38.3749854
Красавино,60.9613991,46.481465
Никольск,59.5350162,45.4575468
Сокол,59.4759156,40.1114414
Тотьма,59.9735051,42.7589701
Устюжна,58.8383671,36.4425046
Харовск,59.9477728,40.2000794
Череповец,59.1269214,37.9092243
Бобров,51.0902048,40.0320014
Богучар,49.9352997,40.5592467
Борисоглебск,51.3654619,42.100947
Бутурлиновка,50.8313227,40.5977541
Воронеж,51.6592378,39.1968284
Калач,50.4241213,41.0162858
Лиски,50.9944734,39.518302
Нововоронеж,51.3092463,39.2162865
Новохоперск,51.0953461,41.6173714
Острогожск,50.8678083,39.0406398
Павловск,50.4533684,40.1369087
Поворино,51.1953446,42.2472432
Россошь,50.170089,39.6225534
Семилуки,51.6951846,39.0189797
Эртиль,51.831024,40.8074054
Буйнакск,42.8213799,47.1164452
Дагестанские Огни,42.1151021,48.1939983
Дербент,42.058935,48.2908653
Избербаш,42.565098,47.871002
Каспийск,42.8916599,47.6366674
Кизилюрт,43.2039094,46.8729311
Кизляр,43.8483915,46.7232828
Махачкала,42.9848572,47.5046303
Хасавюрт,43.2505191,46.5852276
Южно-Сухокумск,44.6600972,45.6499304
Биробиджан,48.7945975,132.9217594
Облучье,49.0188344,131.0539984
Балей,51.5822063,116.6380088
Борзя,50.3875437,116.5235682
Краснокаменск,50.092858,118.0323407
Могоча,53.7362465,119.7661232
Нерчинск,51.9595512,116.5854018
Петровск-Забайкальский,51.2748381,108.8467139
Сретенск,52.2462356,117.7116971
Хилок,51.3635236,110.458989
Чита,52.0340128,113.4994884
Шилка,51.8495302,116.033575
Вичуга,57.2044545,41.9131192
Гаврилов Посад,56.5585967,40.1228288
Заволжск,57.4916546,42.1374455
Иваново,56.9994677,40.9728231
Кинешма,57.4425441,42.1690039
Комсомольск,57.0273907,40.3775952
Кохма,56.9325151,41.0933071
Наволоки,57.4678426,41.9607371
Плес,57.4605304,41.512301
Приволжск,57.3807249,41.2809239
Пучеж,56.982075,43.1683878
Родники,57.1024137,41.7298908
Тейково,56.8542712,40.5355289
Фурманов,57.2538043,41.1053808
Шуя,56.8560743,41.3802455
Южа,56.5926458,42.0457159
Юрьевец,57.3178701,43.1110553
Карабулак,43.3054762,44.9094521
Магас,43.1686967,44.8130849
Малгобек,43.5097009,44.5901517
Назрань,43.2257977,44.764685
Алзамай,55.5550493,98.6644106
Ангарск,52.5448102,103.8885385
Байкальск,51.5231282,104.1485752
Бирюсинск,55.9608611,97.8203624
Бодайбо,57.8468822,114.1867148
Братск,56.1513951,101.6339892
Вихоревка,56.1207708,101.170332
Железногорск-Илимский,56.5847382,104.1141747
Зима,53.9206865,102.0492066
Иркутск,52.2863513,104.280655
Киренск,57.7757126,108.1107766
Нижнеудинск,54.8969105,99.0313481
Саянск,54.1107787,102.1802563
Свирск,53.0842576,103.3364192
Слюдянка,51.6562679,103.7186877
Тайшет,55.9405397,98.0030649
Тулун,54.5571409,100.5779402
Усолье-Сибирское,52.7567192,103.6387694
Усть-Илимск,57.9431325,102.7414683
Усть-Кут,56.7928049,105.7756883
Черемхово,53.1369385,103.090119
Шелехов,52.2102462,104.0973531
Баксан,43.6820621,43.5345627
Майский,43.6281779,44.0516663
Нальчик,43.4846312,43.6070316
Нарткала,43.5577208,43.8576411
Прохладный,43.7589521,44.0101936
Терек,43.4838439,44.1402524
Тырныауз,43.3981939,42.9215127
Чегем,43.5672039,43.5865338
Багратионовск,54.3866976,20.6418545
Балтийск,54.6514128,19.9141911
Гвардейск,54.6588981,21.0500584
Гурьевск,54.7705368,20.6039109
Гусев,54.5915477,22.1944114
Зеленоградск,54.9600226,20.4753274
Калининград,54.7073218,20.5072458
Краснознаменск,54.9452612,22.4928511
Ладушкин,54.5693538,20.1691909
Мамоново,54.4645591,19.9454114
Неман,55.0315543,22.0323961
Нестеров,54.6314454,22.5713658
Озерск,54.4084804,22.013508
Пионерский,54.9516927,20.227697
Полесск,54.8626321,21.0998148
Правдинск,54.4430604,21.0083638
Приморск,54.7311185,19.9983108
Светлогорск,54.9439566,20.1514789
Светлый,54.6774051,20.1356625
Славск,55.0451054,21.6742294
Советск,55.0810474,21.8886272
Черняховск,54.6243928,21.7969179
Городовиковск,46.0875351,41.9354039
Лагань,45.3929617,47.3432943
Элиста,46.3082947,44.2701417
Балабаново,55.1773652,36.6567255
Белоусово,55.0957679,36.6777239
Боровск,55.2130965,36.4927446
Ермолино,55.1972714,36.5951966
Жиздра,53.7522384,34.7386719
Жуков,55.0301386,36.7393279
Калуга,54.5060439,36.2515933
Киров,54.0790823,34.3077508
Козельск,54.0348417,35.7807136
Кондрово,54.796051,35.9276099
Кременки,54.8863306,37.116878
Людиново,53.8701406,34.4385498
Малоярославец,55.0176756,36.4632122
Медынь,54.9690755,35.887313
Мещовск,54.3191127,35.2816065
Мосальск,54.4825589,34.987206
Обнинск,55.0943892,36.6121785
Сосенский,54.056525,35.9621458
Спас-Деменск,54.4099201,34.0190263
Сухиничи,54.0973787,35.3443077
Таруса,54.7236791,37.1670866
Юхнов,54.7445873,35.2424857
Вилючинск,52.930428,158.4057276
Елизово,53.1829573,158.3882833
Петропавловск-Камчатский,53.0370213,158.6559142
Карачаевск,43.773197,41.9143726
Теберда,43.4438408,41.7414924
Усть-Джегута,44.083852,41.971128
Черкесск,44.2268637,42.0467829
Беломорск,64.5378468,34.7799717
Кемь,64.9543657,34.5948547
Кондопога,62.2059866,34.2681778
Костомукша,64.5889946,30.6015567
Лахденпохья,61.5189466,30.199592
Медвежьегорск,62.9127678,34.4567614
Олонец,60.9793604,32.9726031
Петрозаводск,61.78909,34.3596263
Питкяранта,61.5756886,31.4641309
Пудож,61.8059147,36.5330088
Сегежа,63.7437211,34.3126755
Сортавала,61.7032216,30.6917021
Суоярви,62.0787769,32.3499029
Анжеро-Судженск,56.0787179,86.0202207
Белово,54.4221442,86.3036438
Березовский,55.6692853,86.2744636
Гурьевск,54.2860005,85.947723
Калтан,53.5210461,87.2772143
Кемерово,55.3909721,86.0467864
Киселевск,54.0060382,86.6367387
Ленинск-Кузнецкий,54.6674092,86.1796724
Мариинск,56.2127836,87.7454392
Междуреченск,53.6865695,88.0703888
Мыски,53.7125516,87.8056657
Новокузнецк,53.7942757,87.2144046
Осинники,53.5987397,87.3369948
Полысаево,54.6053968,86.2808803
Прокопьевск,53.8604562,86.7183428
Салаир,54.2351588,85.8029215
Тайга,56.0622767,85.6207907
Таштагол,52.7594505,87.8477272
Топки,55.2766036,85.6153223
Юрга,55.7202689,84.8885516
Белая Холуница,58.8415212,50.8461002
Вятские Поляны,56.2286058,51.0614666
Зуевка,58.4031674,51.1330787
Киров,58.6035313,49.6679219
Кирово-Чепецк,58.5559921,50.0317608
Кирс,59.3400586,52.2415895
Котельнич,58.3035238,48.3474288
Луза,60.6290781,47.2612069
Малмыж,56.5243722,50.6782757
Мураши,59.3956347,48.9637651
Нолинск,57.5596946,49.9357867
Омутнинск,58.6697684,52.1893554
Орлов,58.5389402,48.8929268
Слободской,58.7311934,50.1670091
Советск,57.5841434,48.9589228
Сосновка,56.2533149,51.2833412
Уржум,57.1097612,50.0056278
Яранск,57.304195,47.8479185
Воркута,67.4973484,64.0611045
Вуктыл,63.8615209,57.3165207
Емва,62.5965314,50.8731889
Инта,66.0368196,60.1154612
Микунь,62.3580188,50.0719738
Печора,65.1485717,57.22388
Сосногорск,63.5990137,53.8762792
Сыктывкар,61.668789,50.8356491
Усинск,65.9941116,57.5570054
Ухта,63.5564779,53.7014202
Буй,58.473445,41.5306746
Волгореченск,57.4423712,41.1593076
Галич,58.3826861,42.3654563
Кологрив,58.826988,44.3185323
Кострома,57.8029445,40.9907282
Макарьев,57.8808916,43.8014428
Мантурово,58.3264667,44.7575036
Нерехта,57.4543706,40.5725438
Нея,58.2944499,43.8780965
Солигалич,59.0786729,42.2877245
Чухлома,58.7534246,42.6883783
Шарья,58.3761832,45.4060762
Абинск,44.8679931,38.1618437
Анапа,44.8950777,37.3163142
Апшеронск,44.4585239,39.7300092
Армавир,45.0010338,41.132392
Белореченск,44.7652733,39.8780457
Геленджик,44.5631053,38.0790184
Горячий Ключ,44.6343251,39.1356421
Гулькевичи,45.3605769,40.6918484
Ейск,46.7114611,38.2764915
Кореновск,45.4640868,39.4590178
Краснодар,45.040235,38.9760801
Кропоткин,45.4332464,40.5727852
Крымск,44.9344108,37.9855314
Курганинск,44.8876442,40.5913858
Лабинск,44.6353153,40.724385
Новокубанск,45.1038782,41.0473679
Новороссийск,44.7234264,37.7687218
Приморско-Ахтарск,46.0515,38.1704654
Славянск-на-Кубани,45.2605079,38.1260725
Сочи,43.5855829,39.7231419
Темрюк,45.2611082,37.445519
Тимашевск,45.6159358,38.9350513
Тихорецк,45.8546953,40.1258702
Туапсе,44.1103707,39.082645
Усть-Лабинск,45.222676,39.6930239
Хадыженск,44.412303,39.5319151
Артемовск,54.3472901,93.4356543
Ачинск,56.2538662,90.47949
Боготол,56.209881,89.5300182
Бородино,55.9054308,94.9021138
Дивногорск,55.9577868,92.380085
Дудинка,69.4031339,86.1908135
Енисейск,58.4485234,92.165237
Железногорск,56.2529346,93.532167
Заозерный,55.9617268,94.7091037
Зеленогорск,56.1133001,94.5888736
Игарка,67.4667947,86.5814287
Иланский,56.2374163,96.0672656
Канск,56.2049776,95.7051246
Кодинск,58.6033961,99.1797563
Красноярск,56.009466,92.8524162
Лесосибирск,58.2218201,92.5036986
Минусинск,53.7105509,91.6871866
Назарово,56.0113176,90.4167947
Норильск,69.3490828,88.2009965
Сосновоборск,56.1202088,93.3353411
Ужур,55.3141977,89.8333827
Уяр,55.8131698,94.3282148
Шарыпово,55.5389684,89.1801557
Ялта,44.416366,34.04455
Алушта,44.6764419,34.4100387
Армянск,46.1059247,33.6910325
Бахчисарай,44.751388,33.8750341
Белогорск,45.0571581,34.5998775
Джанкой,45.7092436,34.388332
Евпатория,45.1904322,33.3667685
Керчь,45.3561128,36.4674285
Красноперекопск,45.9537956,33.7921523
Саки,45.1342889,33.6032508
Симферополь,44.9482645,34.100117
Старый Крым,45.0290659,35.0900885
Судак,44.8505913,34.9761591
Феодосия,45.031878,35.3824772
Щелкино,45.4289847,35.8251329
Ялта,44.4951948,34.166386
Далматово,56.2621393,62.9387378
Катайск,56.2908118,62.5800669
Курган,55.4443448,65.3161339
Куртамыш,54.9368491,64.4203009
Макушино,55.2154025,67.2452558
Петухово,55.0649932,67.8874369
Шадринск,56.0870152,63.6298234
Шумиха,55.2281833,63.2902391
Щучье,55.20883,62.7478475
Дмитриев,52.1269291,35.0739504
Железногорск,52.3378753,35.3516834
Курск,51.7303391,36.1926448
Курчатов,51.6605475,35.6571711
Льгов,51.6596935,35.2611592
Обоянь,51.212012,36.275425
Рыльск,51.568165,34.6802178
Суджа,51.1919711,35.2719619
Фатеж,52.0918591,35.8538912
Щигры,51.8787808,36.8910674
Бокситогорск,59.4735032,33.8456521
Волосово,59.4445107,29.492277
Волхов,59.9006057,32.35212
Всеволожск,60.0190094,30.6455834
Выборг,60.7130748,28.7328813
Высоцк,60.6296511,28.5709914
Гатчина,59.5650861,30.1281859
Ивангород,59.3765845,28.2230504
Каменногорск,60.9508768,29.1308061
Кингисепп,59.3739407,28.6112981
Кириши,59.4742626,32.0625536
Кировск,59.875371,30.9815205
Коммунар,59.6215929,30.393466
Лодейное Поле,60.7320564,33.5522225
Луга,58.7373818,29.8466657
Любань,59.3492573,31.2485276
Никольское,59.7042633,30.7874879
Новая Ладога,60.1100013,32.3141446
Отрадное,59.772596,30.7988403
Пикалево,59.5130655,34.1773982
Подпорожье,60.9127463,34.1567832
Приморск,60.3660787,28.6135962
Приозерск,61.03313,30.15876
Светогорск,61.1112679,28.8726666
Сертолово,60.14458,30.2094595
Сланцы,59.1178693,28.088106
Сосновый Бор,59.8772921,29.1290866
Сясьстрой,60.1402454,32.5602015
Тихвин,59.6273809,33.5072307
Тосно,59.5406697,30.8777872
Шлиссельбург,59.9443923,31.0334136
Грязи,52.4873931,39.9331785
Данков,53.25769,39.1457625
Елец,52.6151738,38.5289121
Задонск,52.4004611,38.9205772
Лебедянь,53.0156678,39.143498
Липецк,52.6103027,39.5946266
Усмань,52.0444165,39.7264516
Чаплыгин,53.2404794,39.9671563
Магадан,59.5681763,150.8085289
Сусуман,62.7804628,148.154033
Волжск,55.8622987,48.371553
Звенигово,55.9739374,48.0170276
Йошкар-Ола,56.6343763,47.8998445
Козьмодемьянск,56.333346,46.5466282
Ардатов,54.8465693,46.2412736
Инсар,53.8770384,44.3696866
Ковылкино,54.0391464,43.9191229
Краснослободск,54.4248634,43.7845096
Рузаевка,54.0583238,44.949116
Саранск,54.1807601,45.1862263
Темников,54.6309086,43.2161785
Апрелевка,55.5276336,37.0651105
Балашиха,55.7963352,37.9381413
Бронницы,55.4255534,38.2640794
Верея,55.3674668,36.1563083
Видное,55.5518323,37.7062062
Волоколамск,56.0358121,35.9585027
Воскресенск,55.3071305,38.7026949
Высоковск,56.336141,36.5251316
Голицыно,55.6189762,36.9855559
Дедовск,55.8704718,37.1244724
Дзержинский,55.6241079,37.8440691
Дмитров,56.3477176,37.5267184
Долгопрудный,55.9384901,37.5100527
Домодедово,55.4363901,37.7666263
Дрезна,55.7442991,38.8499228
Дубна,56.7417949,37.1757163
Егорьевск,55.3831326,39.0358236
Жуковский,55.5998408,38.1224185
Зарайск,54.7625993,38.8851485
Звенигород,55.7296168,36.8552843
Ивантеевка,55.9742303,37.9208755
Истра,55.9061087,36.8600854
Кашира,54.8534263,38.1903818
Клин,56.3424886,36.7240912
Коломна,55.1027797,38.7531734
Королев,55.9162558,37.8545224
Котельники,55.659898,37.8632865
Красноармейск,51.0268595,45.7011086
Красногорск,55.8318475,37.32942
Краснозаводск,56.4408723,38.2320671
Краснознаменск,55.5978962,37.0395137
Кубинка,55.5755679,36.6952487
Куровское,55.5791491,38.9208543
Ликино-Дулево,55.7078531,38.9577103
Лобня,56.0328745,37.4614671
Лосино-Петровский,55.8714441,38.2005377
Луховицы,54.9651617,39.0261346
Лыткарино,55.5778065,37.9034952
Люберцы,55.700416,37.9606496
Можайск,55.5069819,36.0240724
Мытищи,55.9104647,37.7363702
Наро-Фоминск,55.3802749,36.7608038
Ногинск,55.8686239,38.4621635
Одинцово,55.6789292,37.2636389
Озеры,54.8539944,38.55987
Орехово-Зуево,55.8151729,38.9870711
Павловский Посад,55.7806718,38.6596047
Пересвет,56.4158828,38.1733567
Подольск,55.4389588,37.57027
Протвино,54.8706614,37.2183307
Пушкино,56.0104548,37.8471438
Пущино,54.832521,37.6210428
Раменское,55.549529,38.273015
Реутов,55.758236,37.8619443
Рошаль,55.6632504,39.8655434
Руза,55.7015302,36.1960043
Сергиев Посад,56.3063411,38.1502568
Серпухов,54.9225396,37.4032682
Солнечногорск,56.2148655,37.0967653
Старая Купавна,55.8038411,38.1426144
Ступино,54.9238403,38.1186976
Талдом,56.7308993,37.5276414
Фрязино,55.9590154,38.0409171
Химки,55.8886705,37.4304154
Хотьково,56.2515725,37.9395225
Черноголовка,56.0100909,38.3792328
Чехов,55.1507175,37.4532591
Шатура,55.5777942,39.5443781
Щелково,55.9234303,37.9784419
Электрогорск,55.8778573,38.7805239
Электросталь,55.7847718,38.4446531
Электроугли,55.7170329,38.2194049
Яхрома,56.2889858,37.4831016
Апатиты,67.5678295,33.4067218
Гаджиево,69.2490009,33.3152445
Заозерск,69.4003895,32.4502225
Заполярный,69.413232,30.7985332
Кандалакша,67.1567298,32.4142303
Кировск,67.6150979,33.6637196
Ковдор,67.5661466,30.4742082
Кола,68.8785079,33.0262014
Мончегорск,67.9385206,32.9358886
Мурманск,69.0076958,33.0686019
Оленегорск,68.1422068,33.2670094
Островной,68.0509133,39.5076034
Полярные Зори,67.3730192,32.497541
Полярный,69.1988373,33.4509985
Североморск,69.0765029,33.4178354
Снежногорск,69.1921469,33.2382821
Нарьян-Мар,67.6381525,53.0069336
Арзамас,55.3947544,43.8407855
Балахна,56.4949932,43.5758953
Богородск,56.1019905,43.513678
Бор,56.3565179,44.0644851
Ветлуга,57.8558395,45.7762692
Володарск,56.2168974,43.1597623
Ворсма,55.9900425,43.2719879
Выкса,55.3207103,42.1679169
Горбатов,56.1307901,43.0626829
Городец,56.6447459,43.4722975
Дзержинск,56.2376438,43.4599363
Заволжье,56.6404237,43.3871565
Княгинино,55.8205157,45.0322947
Кстово,56.1433353,44.1665081
Кулебаки,55.429716,42.512483
Лукоянов,55.0327349,44.4933829
Лысково,56.0262298,45.0356702
Навашино,55.5439105,42.1887734
Нижний Новгород,56.3242093,44.0053948
Павлово,55.9797995,43.0996232
Первомайск,54.8676182,43.8012829
Перевоз,55.596904,44.5450268
Саров,54.9227002,43.3447792
Семенов,56.788935,44.4903571
Сергач,55.5200364,45.4813193
Урень,57.4612547,45.783394
Чкаловск,56.7651549,43.2420193
Шахунья,57.6764773,46.6129673
Боровичи,58.3839866,33.9176761
Валдай,57.9822906,33.2369492
Великий Новгород,58.5214003,31.2755051
Малая Вишера,58.8458076,32.2247984
Окуловка,58.3908717,33.2902474
Пестово,58.5973944,35.8144523
Сольцы,58.1201693,30.309285
Старая Русса,57.9906873,31.3555076
Холм,57.1451036,31.1787812
Чудово,59.1247477,31.6865406
Барабинск,55.3515917,78.3465012
Бердск,54.7582375,83.1072212
Болотное,55.6693773,84.3906599
Искитим,54.6266869,83.2951444
Карасук,53.7343772,78.042457
Каргат,55.1943829,80.2831324
Куйбышев,55.4684104,78.3241042
Купино,54.3660317,77.2972969
Новосибирск,55.0281016,82.9210575
Обь,54.9945882,82.6937925
Татарск,55.2145894,75.9740805
Тогучин,55.2250038,84.4103867
Черепаново,54.2206974,83.3724392
Чулым,55.0906205,80.9592152
Исилькуль,54.9096156,71.2816107
Калачинск,55.0598547,74.5655075
Называевск,55.5688811,71.3502572
Омск,54.9848136,73.3674638
Тара,56.9159171,74.3649643
Тюкалинск,55.8705121,72.1956156
Абдулино,53.6778096,53.6473115
Бугуруслан,53.6522636,52.4326166
Бузулук,52.7881434,52.2623757
Гай,51.4649138,58.4436189
Кувандык,51.4784845,57.3612029
Медногорск,51.4039421,57.5832185
Новотроицк,51.1965071,58.3017455
Оренбург,51.7875191,55.1017379
Орск,51.2293069,58.4751889
Соль-Илецк,51.1634976,54.9895391
Сорочинск,52.4265081,53.1542123
Ясный,51.0369499,59.8743256
Болхов,53.4440204,36.0076969
Дмитровск,52.5053481,35.141535
Ливны,52.4285122,37.603944
Малоархангельск,52.4001151,36.5037931
Мценск,53.2790021,36.574992
Новосиль,52.9747225,37.0438402
Орёл,52.9672573,36.0696479
Белинский,52.9641169,43.4185003
Городище,53.2727888,45.702731
Заречный,53.1961009,45.1691502
Каменка,53.1855474,44.0468501
Кузнецк,53.1131686,46.6052497
Нижний Ломов,53.5301274,43.6729216
Никольск,53.7138397,46.079962
Пенза,53.1753884,45.0347408
Сердобск,52.4697532,44.2122688
Спасск,53.927163,43.1860475
Сурск,53.0760597,45.6911897
Александровск,59.1613773,57.5764851
Березники,59.4079898,56.8040725
Верещагино,58.0797908,54.6580948
Горнозаводск,58.3743406,58.3230329
Гремячинск,58.5625603,57.8520073
Губаха,58.837024,57.5544441
Добрянка,58.4696353,56.4131294
Кизел,59.0511764,57.6471214
Красновишерск,60.3902242,57.0537244
Краснокамск,58.0820946,55.7479797
Кудымкар,59.0168605,54.6573459
Кунгур,57.4283217,56.9437787
Лысьва,58.0995987,57.8085728
Нытва,57.9337429,55.3357261
Оса,57.2889992,55.4688982
Оханск,57.7178946,55.387153
Очер,57.8851991,54.7161756
Пермь,58.0103211,56.2341778
Соликамск,59.6483518,56.7710358
Усолье,59.4279356,56.6837783
Чайковский,56.7780203,54.1478482
Чердынь,60.4011184,56.4801391
Чермоз,58.7842527,56.1507562
Чернушка,56.5161079,56.0763919
Чусовой,58.2974725,57.8193122
Арсеньев,44.16208,133.269622
Артем,43.350053,132.1596594
Большой Камень,43.1112737,132.3480354
Владивосток,43.1163807,131.882348
Дальнегорск,44.5539909,135.5662536
Дальнереченск,45.9307882,133.7316542
Лесозаводск,45.4780192,133.4185501
Находка,42.8240404,132.8927812
Партизанск,43.1279833,133.1264754
Спасск-Дальний,44.5900929,132.8157564
Уссурийск,43.79726,131.9517262
Фокино,42.9707163,132.4110209
Великие Луки,56.3321847,30.550757
Гдов,58.7432585,27.8263328
Дно,57.8269802,29.9629569
Невель,56.0201544,29.9240505
Новоржев,57.0298332,29.343333
Новосокольники,56.3407627,30.1527712
Опочка,56.7107956,28.6717455
Остров,57.3452408,28.3437107
Печоры,57.8146689,27.6222823
Порхов,57.7764223,29.5436424
Псков,57.819284,28.3318188
Пустошка,56.3375131,29.3668243
Пыталово,57.0637109,27.9234759
Себеж,56.2907663,28.4725735
Азов,47.1120631,39.4232597
Аксай,47.2676075,39.8755485
Батайск,47.138321,39.7508382
Белая Калитва,48.176948,40.8033169
Волгодонск,47.5165181,42.1984531
Гуково,48.0449422,39.9484635
Донецк,48.3350928,39.9460654
Зверево,48.043451,40.1264948
Зерноград,46.8494991,40.312765
Каменск-Шахтинский,48.3204412,40.268874
Константиновск,47.5773456,41.0967362
Красный Сулин,47.8830826,40.0781385
Миллерово,48.925821,40.3983302
Морозовск,48.3511724,41.8308006
Новочеркасск,47.4119248,40.1042066
Новошахтинск,47.7576522,39.9364709
Пролетарск,46.7038968,41.7274533
Ростов-на-Дону,47.2224364,39.7187866
Сальск,46.4751689,41.5412229
Семикаракорск,47.5177981,40.811585
Таганрог,47.2094907,38.935154
Цимлянск,47.6477668,42.093022
Шахты,47.7084247,40.2159154
Касимов,54.9373788,41.3912912
Кораблино,53.9245422,40.0227867
Михайлов,54.2296493,39.0090857
Новомичуринск,54.0377979,39.7467023
Рыбное,54.7255937,39.513438
Ряжск,53.7067718,40.0521358
Рязань,54.625457,39.7359992
Сасово,54.350807,41.9117458
Скопин,53.8236028,39.5493286
Спас-Клепики,55.1291472,40.1745036
Спасск-Рязанский,54.4071497,40.3764367
Шацк,54.0288845,41.7182108
Жигулевск,53.4011545,49.494529
Кинель,53.2209985,50.6343039
Нефтегорск,52.797259,51.1637126
Новокуйбышевск,53.0995303,49.9477662
Октябрьск,53.1640886,48.6707463
Отрадный,53.3800609,51.3438695
Похвистнево,53.6498197,52.1235517
Самара,53.1951657,50.1067691
Сызрань,53.1557213,48.4745419
Тольятти,53.5206438,49.389461
Чапаевск,52.9289662,49.8674222
Санкт-Петербург,59.939125,30.3158225
Аркадак,51.9387813,43.4997558
Аткарск,51.8736331,45.0003199
Балаково,52.0222694,47.7828146
Балашов,51.5389502,43.1839828
Вольск,52.0459932,47.3873504
Ершов,51.3508407,48.2763313
Калининск,51.4992917,44.4710177
Красноармейск,51.0236026,45.695141
Красный Кут,50.9596867,46.9712472
Маркс,51.7133973,46.7400684
Новоузенск,50.4551744,48.1412622
Петровск,52.3093782,45.3851649
Пугачев,52.0158464,48.7972652
Ртищево,52.2616298,43.7842399
Саратов,51.530376,45.9530257
Хвалынск,52.4950057,48.1045147
Шиханы,52.1148241,47.2022928
Энгельс,51.4854893,46.1267479
Александровск-Сахалинский,50.8973664,142.1579322
Анива,46.7132526,142.5265052
Долинск,47.3255903,142.7945985
Корсаков,46.6323995,142.7994094
Курильск,45.2271915,147.8796713
Макаров,48.6236287,142.7803508
Невельск,46.6527314,141.8631741
Оха,53.5868238,142.941221
Поронайск,49.2387983,143.1007104
Северо-Курильск,50.6731056,156.1280722
Томари,47.7619957,142.061508
Углегорск,49.0816311,142.0693033
Холмск,47.0408637,142.0416619
Южно-Сахалинск,46.959133,142.7381252
Алапаевск,57.8475542,61.6693934
Арамиль,56.6945341,60.8343825
Артемовский,57.3384162,61.8946599
Асбест,57.0052428,61.4581071
Березовский,56.9096284,60.8180256
Богданович,56.7764419,62.0463692
Верхний Тагил,57.3762768,59.9516521
Верхняя Пышма,56.9757833,60.564885
Верхняя Салда,58.0466039,60.5560397
Верхняя Тура,58.3643839,59.8266854
Верхотурье,58.8621145,60.8104543
Волчанск,59.9350515,60.0797964
Дегтярск,56.7048199,60.0792227
Екатеринбург,56.8386326,60.6054887
Заречный,56.8103345,61.3380592
Ивдель,60.6944353,60.4244661
Ирбит,57.6838406,63.0576639
Каменск-Уральский,56.4149095,61.9189837
Камышлов,56.8465469,62.7120432
Карпинск,59.7664444,60.0011798
Качканар,58.7051759,59.4840198
Кировград,57.4298451,60.0623588
Краснотурьинск,59.7636934,60.1934451
Красноуральск,58.3486334,60.0409011
Красноуфимск,56.6122864,57.7636958
Кушва,58.2825406,59.7646113
Лесной,58.634981,59.7980528
Михайловск,56.4369736,59.113865
Невьянск,57.491233,60.2181839
Нижние Серги,56.6544606,59.2952291
Нижний Тагил,57.9101038,59.9813242
Нижняя Салда,58.0749243,60.7026555
Нижняя Тура,58.6310942,59.8521265
Новая Ляля,59.053961,60.5945405
Новоуральск,57.2471507,60.095701
Первоуральск,56.9081665,59.9429205
Полевской,56.4958085,60.2366314
Ревда,56.79869,59.9071464
Реж,57.3717914,61.3833223
Североуральск,60.1533333,59.9525274
Серов,59.6048651,60.5752136
Среднеуральск,56.991883,60.4771953
Сухой Лог,56.9075938,62.0358708
Сысерть,56.50052,60.8190708
Тавда,58.0434196,65.2743232
Талица,57.0123359,63.7322467
Туринск,58.0394258,63.698142
Инкерман,44.6135153,33.6100739
Севастополь,44.6167334,33.5253552
Алагир,43.0416151,44.2198622
Ардон,43.1756719,44.2955701
Беслан,43.1937634,44.5338746
Владикавказ,43.0205039,44.6819383
Дигора,43.1567386,44.1551132
Моздок,43.7471209,44.6571456
Велиж,55.6058845,31.1857376
Вязьма,55.2115563,34.2951196
Гагарин,55.5526532,34.9949049
Демидов,55.2682611,31.5062078
Десногорск,54.1465117,33.2834063
Дорогобуж,54.9137794,33.3024596
Духовщина,55.1950509,32.4012351
Ельня,54.5836832,33.1749566
Починок,54.4063031,32.4397914
Рославль,53.9449601,32.8479617
Рудня,54.9441357,31.0794758
Сафоново,55.1199868,33.233799
Смоленск,54.7867168,31.8153366
Сычевка,55.8307397,34.277868
Ярцево,55.0564933,32.6902457
Благодарный,45.0990834,43.4307042
Буденновск,44.7814437,44.1650859
Георгиевск,44.1486421,43.4739718
Ессентуки,44.044461,42.8589078
Железноводск,44.1320689,43.0306475
Зеленокумск,44.403359,43.8841326
Изобильный,45.3684342,41.7086448
Ипатово,45.7181897,42.8969695
Кисловодск,43.905235,42.7167187
Лермонтов,44.1052526,42.9731433
Минеральные Воды,44.2088942,43.1383482
Михайловск,45.1296297,42.028787
Невинномысск,44.6227404,41.9476147
Нефтекумск,44.7544866,44.9865041
Новоалександровск,45.4933561,41.2154482
Новопавловск,43.9617565,43.6342855
Пятигорск,44.0411669,43.0661091
Светлоград,45.3284769,42.8566923
Ставрополь,45.0445439,41.9690168
Жердевка,51.8421783,41.4617407
Кирсанов,52.650594,42.7284872
Котовск,52.592393,41.5102486
Мичуринск,52.891294,40.510475
Моршанск,53.4436469,41.8115687
Рассказово,52.6537517,41.8743779
Тамбов,52.7213021,41.452258
Уварово,51.9768835,42.2529568
Агрыз,56.5232645,52.994257
Азнакаево,54.8599054,53.0745505
Альметьевск,54.9013662,52.2970654
Арск,56.0913636,49.8770441
Бавлы,54.4063588,53.2457946
Болгар,54.9748862,49.0302977
Бугульма,54.5363428,52.7895286
Буинск,54.9641106,48.2900576
Елабуга,55.7566727,52.0544438
Заинск,55.2988854,52.0063634
Зеленодольск,55.8466751,48.5010882
Иннополис,55.7521544,48.7446161
Казань,55.7943877,49.1115312
Лаишево,55.4042646,49.5498201
Лениногорск,54.5966917,52.4432118
Мамадыш,55.7149876,51.4128614
Менделеевск,55.8950646,52.3144177
Мензелинск,55.7270908,53.1005321
Набережные Челны,55.7436475,52.3958739
Нижнекамск,55.6311963,51.814407
Нурлат,54.4281578,50.8050431
Тетюши,54.936575,48.8314915
Чистополь,55.3699372,50.628495
Андреаполь,56.6507072,32.2621196
Бежецк,57.7861144,36.6903445
Белый,55.8337663,32.9388976
Бологое,57.885655,34.0536895
Весьегонск,58.6584004,37.2568605
Вышний Волочек,57.5683326,34.5402931
Западная Двина,56.2568002,32.0805972
Зубцов,56.1760709,34.5825504
Калязин,57.2579471,37.7821253
Кашин,57.3600486,37.6118674
Кимры,56.873359,37.3557064
Конаково,56.7275533,36.8011699
Красный Холм,58.0570193,37.1125975
Кувшиново,57.0263733,34.1676435
Лихославль,57.122256,35.4667886
Нелидово,56.2232417,32.7766656
Осташков,57.1457205,33.1116707
Ржев,56.2629393,34.3291178
Старица,56.514955,34.9335145
Тверь,56.8585396,35.9117898
Торжок,57.0412804,34.9600691
Торопец,56.5011791,31.6354366
Удомля,57.8787885,35.016716
Асино,56.9908444,86.1765724
Кедровый,57.5618465,79.5678914
Колпашево,58.3114716,82.9027528
Северск,56.6031143,84.8809687
Стрежевой,60.7328199,77.6040323
Томск,56.4847036,84.9481737
Алексин,54.5083788,37.047891
Белев,53.8113348,36.1383153
Богородицк,53.7700516,38.1225308
Болохово,54.0820644,37.826844
Венев,54.3542431,38.2642325
Донской,53.9679582,38.3372104
Ефремов,53.1465725,38.0922412
Кимовск,53.9698378,38.5380267
Киреевск,53.9321173,37.9220791
Липки,53.9418109,37.7019452
Новомосковск,54.0109754,38.2915652
Плавск,53.7095993,37.2863144
Советск,53.9337099,37.6315517
Суворов,54.1345367,36.4806933
Тула,54.192017,37.6153885
Узловая,53.9731407,38.1763104
Чекалин,54.0985105,36.2474377
Щекино,54.0020749,37.517686
Ясногорск,54.4795178,37.689669
Ак-Довурак,51.1785658,90.5984511
Кызыл,51.7191542,94.4377234
Туран,52.144932,93.9172495
Чадан,51.2844482,91.5789135
Шагонар,51.5347357,92.9199618
Заводоуковск,56.5012193,66.5505094
Ишим,56.0952037,69.4643292
Тобольск,58.2016828,68.2538392
Тюмень,57.1530824,65.5343118
Ялуторовск,56.649167,66.297034
Воткинск,57.0517641,53.9874635
Глазов,58.1359111,52.6634998
Ижевск,56.8527444,53.2113961
Камбарка,56.2659745,54.1934153
Можга,56.4427219,52.2138882
Сарапул,56.4616117,53.8036967
Барыш,53.6534563,47.1180805
Димитровград,54.2168446,49.6261645
Инза,53.8550467,46.3532786
Новоульяновск,54.1447691,48.3911701
Сенгилей,53.9590553,48.7767869
Ульяновск,54.3080674,48.3748717
Амурск,50.2345017,136.8791135
Бикин,46.8186244,134.2551046
Вяземский,47.5354416,134.7553701
Комсомольск-на-Амуре,50.550011,137.0079286
Николаевск-на-Амуре,53.1461943,140.7109642
Советская Гавань,48.9664554,140.2852223
Хабаровск,48.4647991,135.0598811
Абаза,52.6517296,90.0885929
Абакан,53.7223661,91.4437792
Саяногорск,53.1008226,91.4121643
Сорск,54.0001451,90.2595674
Черногорск,53.8258425,91.3259669
Белоярский,63.712181,66.6772357
Когалым,62.2638914,74.4828687
Лангепас,61.2536667,75.1807905
Лянтор,61.6391639,72.1793828
Мегион,61.0318946,76.1024772
Нефтеюганск,61.0882837,72.6164185
Нижневартовск,60.9397379,76.5696206
Нягань,62.1454839,65.3944361
Покачи,61.7421977,75.5942069
Пыть-Ях,60.7585769,72.8366445
Радужный,62.1343067,77.4584346
Советский,61.3706695,63.566863
Сургут,61.2539773,73.3961726
Урай,60.1295842,64.8040117
Ханты-Мансийск,61.0024344,69.0183322
Югорск,61.3124504,63.3364787
Аша,54.9907105,57.2783704
Бакал,54.9406759,58.8051085
Верхнеуральск,53.8760587,59.2169071
Верхний Уфалей,56.0487252,60.231963
Еманжелинск,54.7554084,61.3243985
Златоуст,55.1715695,59.6726264
Карабаш,55.4852076,60.2358959
Карталы,53.0536101,60.647712
Касли,55.8868045,60.7422529
Катав-Ивановск,54.7520187,58.1983706
Копейск,55.1167545,61.6180809
Коркино,54.8903023,61.4034541
Куса,55.3385156,59.4386474
Кыштым,55.7060048,60.5563271
Магнитогорск,53.4071891,58.9791432
Миасс,55.0455774,60.1077757
Миньяр,55.0709601,57.5484435
Нязепетровск,56.0537199,59.6096791
Озерск,55.7631922,60.7076337
Пласт,54.3691832,60.8152305
Сатка,55.0404497,59.0288153
Сим,54.9906584,57.6899045
Снежинск,56.085232,60.7324989
Трехгорный,54.8178174,58.4465039
Троицк,54.0844132,61.5585503
Усть-Катав,54.9261323,58.1528067
Чебаркуль,54.9819329,60.3773305
Челябинск,55.1603659,61.4007858
Южноуральск,54.4490124,61.2581869
Юрюзань,54.8546372,58.4227116
Аргун,43.2918071,45.8724383
Грозный,43.3179243,45.6981102
Гудермес,43.3519164,46.1036052
Урус-Мартан,43.1276072,45.5406838
Шали,43.148776,45.9009577
Алатырь,54.8398179,46.5721423
Канаш,55.5069543,47.4917734
Козловка,55.8406526,48.2579372
Мариинский Посад,56.111968,47.7142676
Новочебоксарск,56.109486,47.4791429
Цивильск,55.8650132,47.472967
Чебоксары,56.1439378,47.2488718
Шумерля,55.4961795,46.4183534
Ядрин,55.9406826,46.2020765
Анадырь,64.7314347,177.5015752
Билибино,68.0585533,166.4388451
Певек,69.7018051,170.2999194
Алдан,58.6094885,125.3816689
Верхоянск,67.5500865,133.3907829
Вилюйск,63.7517314,121.6272754
Ленск,60.7276036,114.9549103
Мирный,62.5362511,113.9668146
Нерюнгри,56.6600322,124.72031
Нюрба,63.2828775,118.324325
Олекминск,60.3758203,120.406013
Покровск,61.4843538,129.1482195
Среднеколымск,67.4581664,153.7069511
Томмот,58.9586939,126.2875375
Удачный,66.4072367,112.3061653
Якутск,62.0280273,129.7325717
Губкинский,64.4456575,76.4714559
Лабытнанги,66.6592376,66.3882628
Муравленко,63.794188,74.494913
Надым,65.5377514,72.5182746
Новый Уренгой,66.0840036,76.6810032
Ноябрьск,63.201846,75.4509665
Салехард,66.5493568,66.6083994
Тарко-Сале,64.9117649,77.7610204
Гаврилов-Ям,57.3091552,39.8545157
Данилов,58.1859542,40.1796765
Любим,58.3619868,40.6869581
Мышкин,57.7881664,38.4542816
Переславль-Залесский,56.7360435,38.8543064
Пошехонье,58.506328,39.1210034
Ростов,57.2050177,39.4378357
Рыбинск,58.0483802,38.858338
Тутаев,57.8674237,39.5368234
Углич,57.5223866,38.3019793
Ярославль,57.6216145,39.897878
